name,"$\epsilon_{tag}, \%$","$\Delta \epsilon_{tag}, \%$",$D^2$,$\Delta D^2$,"$\epsilon, \%$","$\Delta \epsilon, \%$","AUC, with untag","$\Delta$ AUC, with untag"
"Inclusive tagging, PID less",99.98594749632362,0.11601489232199003,0.05893725549462412,0.00044824674635845054,5.892897333462898,0.04533695579202178,64.08345229458315,0.0
