name,"$\epsilon_{tag}, \%$","$\Delta \epsilon_{tag}, \%$",$D^2$,$\Delta D^2$,"$\epsilon, \%$","$\Delta \epsilon, \%$","AUC, with untag","$\Delta$ AUC, with untag"
Inclusive tagging,77.78995485390674,0.10233071715623802,0.03499050280556462,0.0004967142805514786,2.7219096335603687,0.03880492905763074,57.951077388412244,0.0
