name,"$\epsilon_{tag}, \%$","$\Delta \epsilon_{tag}, \%$",$D^2$,$\Delta D^2$,"$\epsilon, \%$","$\Delta \epsilon, \%$","AUC, with untag","$\Delta$ AUC, with untag"
Inclusive tagging,77.78995485390674,0.10233071715623802,0.03497472200139724,0.00043876113640524986,2.72068204551663,0.03431834181826922,57.982113244404786,0.0
