name,"$\epsilon_{tag}, \%$","$\Delta \epsilon_{tag}, \%$",$D^2$,$\Delta D^2$,"$\epsilon, \%$","$\Delta \epsilon, \%$","AUC, with untag","$\Delta$ AUC, with untag"
NEW + full systematic,77.78995485390675,0.10233071715623802,0.0349182595961578,0.00010300854843730179,2.7162898375621114,0.008773624605485603,57.958599338893336,0.024559516885647784
