name,"$\epsilon_{tag}, \%$","$\Delta \epsilon_{tag}, \%$",$D^2$,$\Delta D^2$,"$\epsilon, \%$","$\Delta \epsilon, \%$","AUC, with untag","$\Delta$ AUC, with untag"
NEW + full systematic,77.78995485390674,0.10233071715623802,0.034947348716217796,9.162232101312531e-05,2.718552678898318,0.007974174981494239,57.96027743206456,0.025925839332940438
