name,"$\epsilon_{tag}, \%$","$\Delta \epsilon_{tag}, \%$",$D^2$,$\Delta D^2$,"$\epsilon, \%$","$\Delta \epsilon, \%$","AUC, with untag","$\Delta$ AUC, with untag"
iso-xgb_combined,32.73499668945391,0.0663820115769866,0.06974399837858207,0.0017926089117169361,2.283069556032163,0.05886339956937331,56.70225986064129,0.0
iso-tmva_combined,32.73499668945391,0.0663820115769866,0.06682668915276099,0.0020693605714885615,2.187571448182797,0.06788560810222871,56.58457223825357,0.0
log-xgb_combined,32.73499668945391,0.0663820115769866,0.07422499343572038,0.0009788864152100187,2.429754914393045,0.03242044498640785,56.66856810082298,0.0
log-tmva_combined,32.73499668945391,0.0663820115769866,0.06778075976654671,0.0007805476738175437,2.2188029465665773,0.02594436228623521,56.58775316340818,0.0
