name,"$\epsilon_{tag}, \%$","$\Delta \epsilon_{tag}, \%$",$D^2$,$\Delta D^2$,"$\epsilon, \%$","$\Delta \epsilon, \%$","AUC, with untag","$\Delta$ AUC, with untag"
vtx_xgboost,18.197760715747396,0.049494077397071894,0.05150074055979333,0.0010679653648640983,0.9371981533909057,0.01960102384447757,0.0,0.0
vtx_tmva,18.197760715747396,0.049494077397071894,0.04167461008132643,0.0010452567879078503,0.7583845821820525,0.019132841290768397,0.0,0.0
$K$_xgboost,17.079610820497898,0.04794940730772546,0.054600292140849174,0.0010238487992359885,0.9325517404511939,0.01768183336265422,0.0,0.0
$K$_tmva,17.079610820497898,0.04794940730772546,0.047581301972496444,0.001298116427206502,0.8126701200228282,0.02228840058725239,0.0,0.0
$e$_xgboost,1.6424181955422574,0.014869149632621672,0.17404040594079312,0.005515201955928132,0.2858471294767194,0.009420674007938598,0.0,0.0
$e$_tmva,1.6424181955422574,0.014869149632621672,0.17389906700344057,0.0059888694190061015,0.28561499183427297,0.010170417366655238,0.0,0.0
$\mu$_xgboost,5.438510172288291,0.02705728590059968,0.1705150582353282,0.004333703887720613,0.9273478787411628,0.0240162173558799,0.0,0.0
$\mu$_tmva,5.438510172288291,0.02705728590059968,0.1641090059657796,0.003793730118893562,0.8925084983090121,0.021104643526060587,0.0,0.0
