name,"$\epsilon_{tag}, \%$","$\Delta \epsilon_{tag}, \%$",$D^2$,$\Delta D^2$,"$\epsilon, \%$","$\Delta \epsilon, \%$","AUC, with untag","$\Delta$ AUC, with untag"
iso-xgb_combined,32.73499668945391,0.0663820115769866,0.07026967164033593,0.0017764997848915057,2.30027746851541,0.058340495417657234,56.70225986064129,0.0
iso-tmva_combined,32.73499668945391,0.0663820115769866,0.06652764854165466,0.0018607648271551898,2.1777823547682185,0.06107201327029426,56.58457223825357,0.0
log-xgb_combined,32.73499668945391,0.0663820115769866,0.07363386375586849,0.0008335427826187433,2.4104042862800554,0.02772037322974107,56.66856810082298,0.0
log-tmva_combined,32.73499668945391,0.0663820115769866,0.0681750023614578,0.0008382879815650362,2.2317084766058337,0.027812028424734965,56.58775316340818,0.0
