name,"$\epsilon_{tag}, \%$","$\Delta \epsilon_{tag}, \%$",$D^2$,$\Delta D^2$,"$\epsilon, \%$","$\Delta \epsilon, \%$","AUC, with untag","$\Delta$ AUC, with untag"
vtx_xgboost,18.2007817912,0.0494981855711,0.0499073260406,0.00127709337975,0.908352351046,0.0233749990346,0.0,0.0
vtx_tmva,18.2007817912,0.0494981855711,0.0424544165537,0.000816745259082,0.772703571767,0.0150131987072,0.0,0.0
$K$_xgboost,19.2641671647,0.0509236327142,0.0519580475444,0.000886840804892,1.00092851345,0.0172879243616,0.0,0.0
$K$_tmva,19.2641671647,0.0509236327142,0.047950772745,0.00110311611264,0.923731701836,0.0213904437293,0.0,0.0
$e$_xgboost,1.83819827302,0.0157304242213,0.167397625424,0.00676665364653,0.307710025962,0.012714125786,0.0,0.0
$e$_tmva,1.83819827302,0.0157304242213,0.160890921507,0.00679243133442,0.295749414058,0.0127397588405,0.0,0.0
$\mu$_xgboost,5.73656328164,0.0277888229922,0.166074184635,0.00382766246077,0.952695069607,0.0224373729672,0.0,0.0
$\mu$_tmva,5.73656328164,0.0277888229922,0.160968469161,0.00324248731377,0.923405809689,0.0191310254264,0.0,0.0
