name,"$\epsilon_{tag}, \%$","$\Delta \epsilon_{tag}, \%$",$D^2$,$\Delta D^2$,"$\epsilon, \%$","$\Delta \epsilon, \%$","AUC, with untag","$\Delta$ AUC, with untag"
iso-xgb_combined,32.73499668945391,0.0663820115769866,0.06976077246123015,0.0018689747404862195,2.2836186555721163,0.06135588955717881,56.70225986064129,0.0
iso-tmva_combined,32.73499668945391,0.0663820115769866,0.06688035918768809,0.0021910755296136427,2.1893283365984577,0.07186212252768064,56.58457223825357,0.0
log-xgb_combined,32.73499668945391,0.0663820115769866,0.0741625387296991,0.0009440927443196612,2.4277104597981976,0.0312945310161701,56.66856810082298,0.0
log-tmva_combined,32.73499668945391,0.0663820115769866,0.06823737474559036,0.0008371309816731141,2.2337502363939263,0.02777533444095337,56.58775316340818,0.0
